3;apt;['alt', 'ape', 'api', 'apo', 'at', 'atp'];46;3.915290751999997
4;uvbn;[];0;4.7312782000000055
